Title:,URL:,Thumbnail URL:,Channel name:,Description:,Views:,Streamed ago:
Asake - Lonely At The Top (Official Video),https://www.youtube.com/watch?v=bbVZo4Yw7pI,https://i.ytimg.com/vi/bbVZo4Yw7pI/hqdefault.jpg?sqp=-oaymwEcCPYBEIoBSFXyq4qpAw4IARUAAIhCGAFwAcABBg==&rs=AOn4CLBCcRJj63vmwzmDLT6-2ZnBB15y-Q,ASAKE,"Listen to the album ""Work Of Art"". Out Now! Stream: https://music.empi.re/workofart #Asake #WorkOfArt #EMPIRE Official Video by Asake - ""Lonely At The Top"" ¬© 2023 YBNL Nation / EMPIRE",4M views,7 days ago
telling you guys the truth. | Josie Alesia,https://www.youtube.com/watch?v=x2VgON0FSuc,https://i.ytimg.com/vi/x2VgON0FSuc/hqdefault.jpg?sqp=-oaymwEcCPYBEIoBSFXyq4qpAw4IARUAAIhCGAFwAcABBg==&rs=AOn4CLDJnXebNZSPFUKGn2dw5VEk9LLKJg,Josie Alesia,I had to tell you guys. Check out my other social media. Snapchat - https://www.snapchat.com/add/joselin.alesia Instagram - https://www.instagram.com/josiealesia/ Tiktok - https://www.tiktok.co...,235K views,20 hours ago
FC Cincinnati vs. Inter Miami: Extended Highlights | US Open Cup Semi-Finals | CBS Sports Golazo,https://www.youtube.com/watch?v=xS3oIf4jKVA,https://i.ytimg.com/vi/xS3oIf4jKVA/hqdefault.jpg?sqp=-oaymwEcCPYBEIoBSFXyq4qpAw4IARUAAIhCGAFwAcABBg==&rs=AOn4CLAtLtjl9wkKdcEZnvsUQLAprgXQbw,CBS Sports Golazo,Lionel Messi and Inter Miami look to keep the good form rolling in the US Open Cup against one of the league's best teams in FC Cincinnati. Stream the US Open Cup Semi-Finals and Final matches...,401K views,14 hours ago
Chandrayaan-3 Mission Soft-landing LIVE Telecast,https://www.youtube.com/watch?v=DLA_64yz8Ss,,ISRO Official,Chandrayaan-3 Mission Soft-landing LIVE Telecast,74M views,Streamed 1 day ago
$UICIDEBOY$ - NOT EVEN GHOSTS ARE THIS EMPTY,https://www.youtube.com/watch?v=sxkmlZkp6ag,,$uicideboy$,DIRECTED BY DILL35MM,374K views,15 hours ago
Oliver Anthony - I Want To Go Home,https://www.youtube.com/watch?v=xB9n0XA8dks,,Oliver Anthony Music,"you can get this version of ‚ÄúI Want To Go Home‚Äù below, thanks so much! üéµ I Want To Go Home (live) - Single by Oliver Anthony Music https://music.apple.com/us/album/i-want-to-go-home-live-si...",2.4M views,1 day ago
Spider-Man Lotus - A Film Born From Spite,https://www.youtube.com/watch?v=WIEL1RZU_z0,,The Cosmonaut Variety Hour,Patreon: https://www.patreon.com/cosmonautvarietyhour BUY A SHIRT: https://teespring.com/stores/cosmonaut-variety-merch-store Twitter: https://twitter.com/cosmovarietyhr 0:00 - Intro...,501K views,16 hours ago
"USHER, Summer Walker, 21 Savage - Good Good (Official Music Video)",https://www.youtube.com/watch?v=7jA-tE-4BYI,,Usher,Stream//Download ‚ÄúGood Good‚Äú here: https://vydia.lnk.to/GoodGood   Follow USHER  TikTok https://www.tiktok.com/@usher Instagram https://www.instagram.com/usher/ Twitter https://twitter.com...,741K views,1 day ago
Michael Jordan texted Stephen A. that Magic Johnson is the PG over Steph Curry üëÄ | First Take,https://www.youtube.com/watch?v=44wzZEC9yrk,,NBA on ESPN,"Michael Jordan texted Stephen A. that Magic Johnson is the PG over Steph Curry üëÄ | First Take Stephen A. Smith and Chris ""Mad Dog"" Russo debate whether Stephen Curry or Magic Johnson is...",608K views,1 day ago
Reacting to the PERFECT Mario Odyssey speedrun...,https://www.youtube.com/watch?v=aHTstqMme3g,,Alpharad,"Today, I set out to get humbled by watching the world record speedrun for Super Mario Odyssey. Thank you to the Pok√©mon Company International for sponsoring today's video! Download Pok√©mon...",341K views,17 hours ago
